<application>
  <component name="ProjectManager">
    <defaultProject>
      <component name="Encoding" addBOMForNewFiles="with BOM under Windows, with no BOM otherwise" />
      <component name="PropertiesComponent"><![CDATA[{
  "keyToString": {
    "settings.editor.selected.configurable": "preferences.lookFeel"
  }
}]]></component>
      <component name="WindowStateProjectService">
        <state x="265" y="97" key="SettingsEditor" timestamp="1762530502360">
          <screen x="0" y="34" width="1512" height="948" />
        </state>
        <state x="265" y="97" key="SettingsEditor/0.34.1512.948" timestamp="1762530502360" />
      </component>
    </defaultProject>
  </component>
</application>