<application>
  <component name="WindowManager">
    <frame x="37" y="34" width="1436" height="921" extendedState="6" />
  </component>
  <component name="WindowStateApplicationService">
    <state x="756" y="458" width="800" height="650" key="WELCOME_SCREEN" timestamp="1762531468977">
      <screen x="0" y="34" width="1512" height="948" />
    </state>
    <state x="756" y="458" width="800" height="650" key="WELCOME_SCREEN/0.34.1512.948" timestamp="1762531468977" />
  </component>
</application>