<application>
  <component name="WindowManager">
    <frame x="37" y="34" width="1436" height="921" extendedState="6" />
  </component>
  <component name="WindowStateApplicationService">
    <state x="756" y="470" width="1000" height="720" key="WELCOME_SCREEN" timestamp="1762533616581">
      <screen x="0" y="34" width="1512" height="948" />
    </state>
    <state x="756" y="470" width="1000" height="720" key="WELCOME_SCREEN/0.34.1512.948" timestamp="1762533616581" />
  </component>
</application>